Workers,Multiprocessing_Time,Concurrent_Time,MP_Speedup,CF_Speedup,MP_Efficiency,CF_Efficiency
1,10.661028385162354,10.152618408203125,1.0,1.0,1.0,1.0
2,5.903808355331421,6.754892826080322,1.8057883561777435,1.5030021452012303,0.9028941780888717,0.7515010726006152
4,5.9303669929504395,6.891313791275024,1.7977012886108663,1.4732486018931807,0.4494253221527166,0.3683121504732952
8,6.0484778881073,6.8402228355407715,1.7625969016311342,1.4842525824526716,0.22032461270389178,0.18553157280658394
