Workers,Multiprocessing_Time,Concurrent_Time,MP_Speedup,CF_Speedup,MP_Efficiency,CF_Efficiency
1,7.366641283035278,7.9120564460754395,1.0,1.0,1.0,1.0
2,5.836937665939331,6.318354606628418,1.2620729746734025,1.2522336808660772,0.6310364873367013,0.6261168404330386
4,5.0268309116363525,5.358784914016724,1.4654643079365608,1.4764646413369273,0.3663660769841402,0.36911616033423184
8,5.533909559249878,5.878177642822266,1.3311820882077854,1.346004991144952,0.16639776102597317,0.168250623893119
