Method,Workers,Repeats,Mean,Median,Std,CI95Half,ThroughputMean,ThroughputStd,ThroughputCI95Half,CPU_Mean,Runs
multiprocessing,1,3,8.570853074391684,8.643501043319702,0.38655456162706603,0.9603322670516523,23.366997777674356,1.0678009717092545,2.6527787529016846,0.0,8.1531;8.9159;8.6435
concurrent,1,3,7.549261172612508,7.4840826988220215,0.40686208935951346,1.0107830341139497,26.543458022627934,1.414445303732532,3.513960511645703,0.0,7.1789;7.9848;7.4841
multiprocessing,2,3,6.8766853014628095,6.8725364208221436,0.09870335769035055,0.24521252279990569,29.08777138384543,0.41717213945060794,1.0363966854849793,0.0,6.9774;6.7801;6.8725
concurrent,2,3,4.646808624267578,4.462284803390503,0.32848645560695916,0.8160714525809524,43.178505002010816,2.9327724699918685,7.2859987035185005,0.0,4.4623;4.4521;5.0261
multiprocessing,4,3,5.836023171742757,5.781541109085083,0.17753907940623395,0.44106711843939095,34.29080632864294,1.0303326698940223,2.559694819101127,0.0,5.6921;6.0344;5.7815
concurrent,4,3,3.0757065614064536,3.161611795425415,0.43967917914659044,1.0923117841579502,65.96704175112498,9.90106454624585,24.597592955310393,0.0,3.1616;3.4661;2.5994
multiprocessing,8,3,5.907819827397664,5.802586078643799,0.3147518409518135,0.7819500246165817,33.916151796675464,1.76609838192776,4.387585689880489,0.0,5.6592;6.2617;5.8026
concurrent,8,3,2.2823243141174316,2.2909371852874756,0.05906057294506364,0.14672643797286689,87.66932857635409,2.2819478431299274,5.669130216087846,0.0,2.2194;2.2909;2.3366
