Workers,Multiprocessing_Time,Concurrent_Time,MP_Speedup,CF_Speedup,MP_Efficiency,CF_Efficiency
1,7.566010236740112,7.544717311859131,1.0,1.0,1.0,1.0
2,5.65850567817688,5.494208335876465,1.337103939988943,1.3732128180493466,0.6685519699944715,0.6866064090246733
4,4.707259893417358,4.95962119102478,1.6073066726824317,1.5212285417105023,0.4018266681706079,0.38030713542762556
8,5.6547064781188965,5.602894306182861,1.3380022934907547,1.3465749842065455,0.16725028668634434,0.1683218730258182
