Workers,Multiprocessing_Time,Concurrent_Time,MP_Speedup,CF_Speedup,MP_Efficiency,CF_Efficiency
1,28.65570569038391,19.31822657585144,1.0,1.0,1.0,1.0
2,11.214179992675781,10.093644380569458,2.5553099476822703,1.9139000590351247,1.2776549738411351,0.9569500295175624
4,10.149027824401855,9.9259934425354,2.8234926720257336,1.946226006262299,0.7058731680064334,0.48655650156557473
8,5.551167726516724,5.7191691398620605,5.162104101719324,3.3778029821159254,0.6452630127149155,0.4222253727644907
